Model,RMSE
Linear Regression,14.887095162742119
Random Forest,16.712679729684645
GLM Gamma,14.832046592584199
